{
    "coord": {
        "lon": 34.9833,
        "lat": 48.45
    },
    "weather": [
        {
            "id": 804,
            "main": "Clouds",
            "description": "хмарно",
            "icon": "04d"
        }
    ],
    "base": "stations",
    "main": {
        "temp": 17.04,
        "feels_like": 16.39,
        "temp_min": 17.04,
        "temp_max": 17.04,
        "pressure": 1013,
        "humidity": 61,
        "sea_level": 1013,
        "grnd_level": 1002
    },
    "visibility": 10000,
    "wind": {
        "speed": 4.73,
        "deg": 306,
        "gust": 5.86
    },
    "clouds": {
        "all": 88
    },
    "dt": 1750497188,
    "sys": {
        "country": "UA",
        "sunrise": 1750469902,
        "sunset": 1750527917
    },
    "timezone": 10800,
    "id": 709930,
    "name": "Dnipro",
    "cod": 200
}